appid,genres,is_free,name,release_date,reviews,sentiment_score,short_description,type
466240,"Action, Indie, Free To Play",False,Deceit,"3 Mar, 2017",lala Haven't played in years but still leagues better than whatever the sequel is doing.,-1.0,"Test your instincts at trust and deception in an action-filled, multiplayer first-person shooter. You wake up in unknown surroundings to the sound of the Game Master‚Äôs unfamiliar voice, surrounded by five others. A third of your group have been infected with a virus, but who will escape?",game
424370,"Action, Adventure, Indie, RPG",False,Wolcen: Lords of Mayhem,"13 Feb, 2020","Bought it for ca. 5‚Ç¨. I have fun with the compain and the leveling part so far. Propably won't stay for the endgame. There are still some anoing bugs, but none of the game-breaking type. Decent ARPG actually mechanics wise when on sale (besides generic story), but so easy that it seems like a bug to me. No challenge at all. Maybe it gets harder at later stages of the game but then the game is almost finished so what is the point? ¬Ø\_(„ÉÑ)_/¬Ø",1.0,"Carve your path in this Hack‚Äôn‚ÄôSlash free from class boundaries. Purify a world shattered by corruption, and uncover the grim secrets and forgotten horrors lurking in the shadows of this forsaken land as you rise in Power. Your Inner aspect beckons‚Äîwill you answer?",game
356190,"Action, Adventure, RPG",False,Middle-earth‚Ñ¢: Shadow of War‚Ñ¢,"9 Oct, 2017","77 hours of playtime on the first playthrough.
Great sequel to the first game with enhanced Nemesis system. a load of shite",1.0,"Experience an epic open-world brought to life by the award-winning Nemesis System. Forge a new Ring of Power, conquer Fortresses in massive battles and dominate Mordor with your personal orc army in Middle-earth‚Ñ¢: Shadow of War‚Ñ¢.",game
453480,"Strategy, Free To Play",True,Shadowverse CCG,"27 Oct, 2016","Extremely addictive card game! The production values are pretty high. Netcode is quality. Art is fantastic.

Before every battle in ranked mode I get all nervous. The battles are always intense, and after every battle I feel I just gotta have one more match. A never ending cycle.

I prefer to play it on my mobile devices rather than the Steam version thou, as I can play while laying in bed all lazy. Really fun and visially nice, story card game. Can play it on multiple devices too.",1.0,Four million battles every day. One Shadowverse. Japan's #1 strategic card game. Made by card gamers for card gamers.¬†,game
252490,"Action, Adventure, Indie, Massively Multiplayer, RPG",False,Rust,"8 Feb, 2018",Best game ngl i got molested by a naked russian guy with a rock,1.0,"The only aim in Rust is to survive. Everything wants you to die - the island‚Äôs wildlife, other inhabitants, the environment, and other survivors. Do whatever it takes to last another night.",game
489830,RPG,False,The Elder Scrolls V: Skyrim Special Edition,"27 Oct, 2016",a Is Skyrim - is good.,1.0,"Winner of more than 200 Game of the Year Awards, The Elder Scrolls V: Skyrim Special Edition brings the epic fantasy to life in stunning detail. The Special Edition includes the critically acclaimed game and add-ons with all-new features.",game
1818750,"Action, Free To Play",False,MultiVersus,"19 Jul, 2022",One day this will be used as the exemplar of intellectual property mismanagement in a study of bag fumbling. I was really hyped for this game when it dropped even spent 40$ on the beta. hate to see what's happened.,-1.0,MultiVersus is a free-to-play platform fighter that brings the depth of iconic WB stars to life across the nearly endless possibilities of play.,game
1238840,"Action, Massively Multiplayer",False,Battlefield‚Ñ¢ 1,"11 Jun, 2020","absolute shitshow for beginners, you WILL be in hell for the however long this filth sits on your hard drive history ingga.",0.0,"Battlefield‚Ñ¢ 1 takes you back to The Great War, WW1, where new technology and worldwide conflict changed the face of warfare forever.",game
1716740,RPG,False,Starfield,"5 Sep, 2023","[h1]Skyrim vibes with added space travel![/h1]
This game is [u]a lot[/u] better than I would have given it credit for, and I'm honestly enjoying myself quite a bit. Now, don't get me wrong here: I'll be the first to state that this definitely isn't a perfect game or such. Heck, I've already experienced a few glitches myself.

Thing is... games don't have to be perfect in order to be perceived as such.

[b]Maybe too high expectations?[/b]

Each to their own (!) but I think that one of the issues with people not enjoying this game is setting your expectations too high. See, this [i]isn't[/i] ""Skyrim in space""; space travel is simply an added game mechanic which exists within the way you normally play most Bethesda games.

So... no, you can't use your spaceship to sour over the surface of a planet in order to map out the location of most structures. Nor can you decide where you're going to land your ship. All of that is a bit static. However... the game does compensate for all that, because once you discovered a location on a planet you can tell the game to go there after which you won't have to go through the whole routine of landing and walking again.

And honestly?  I like it this way. Despite the fact that I already discovered quite a few locations I still more than often just refuse to fast travel and instead get into my spaceship, close the door(s), take a seat in the cockpit and then I take off. Only to do the test of the navigation once I'm in orbit. I even perform a (semi-) manual jump into the next system.

No, I'm [i]not[/i] ""wasting my time"", I'm roleplaying. Ever heard of it?

[h2]This game is [u]massive[/u][/h2]
There are a lot of NPC's for you to meet and missions for you to complete, and I really love it. Sometimes small, sometimes silly and sometimes you also need to make a bit of your own fun. And what I love the most here is that not everything gets presented to you or is made obvious.

For example...  early on in the game you'll discover the city of New Atlantis and [u]a lot[/u] of of the game will be done here or from here. Plenty of missions for you to pick up. And it seems like the perfect playing map... huge city, citizens everywhere and plenty of NPC's to talk with. Dare I say that the layout even gives me ""Kotor"" and ""Mass Effect"" vibes?

So [i[then[/i] I wondered... ey... the game also talks about vegetation, fauna and minerals (""resources"").  Is there more to all this than the game is showing me?  So I decided to hop over a fence, slide my way down and... oh dear: all of a sudden I'm in a whole new (dangerous!) part of the world. And I'm [b]loving[/b] every moment of it. I even met other NPC's which got me laughing quite a bit: ""[spoiler]I'm sorry, can't you see I'm busy dying?  ugh... [/spoiler]"", and sure enough; that's exactly what happened (not by my doing btw!).

Experiences like these make me convinced that sometimes... it's also what you make of things. And this game puts plenty of attention into detail.

[b]Destructive tools are also weapons![/b]

I've seen this so many times: you have this powerful tool which is strong enough to tear through rocks, but as soon as you point it to some hostile creature then... ""of course"" it doesn't work, why would it? This isn't a weapon you silly player!

Starfield does that ""a little"" different and I was quite surprised when I discovered it. To me it simply adds up to the complexity and vastness of this game.

No, like I said before it isn't perfect...  but I'm sure am having a lot of fun so far!

[b]Get the editor too![/b]

Starfield, just like Skyrim before it, is a game that runs on its own so called ""game engine"". Studios often rely on such 'engines' to help them separate between the process of game design and actual game development. For example.... say I want to add a new datapack (""note"")... thanks to the engine I don't have to worry about adding the right textures or having to make my own opening effects: all of that is something the engine can handle for me. [i]So..[/i] I just tell it that I want to add a new datapack (""Book"" / ""DataSlate"") and the engine will handle all the details like the way it looks, how it'll sound when I pick it up, whether I can actually pick it up or not, etc. All I have to do is select what I want to use, add the text I want to add and eventually I also need to place this new item somewhere in the world.

No coding, no making new graphics, just design.  And that's what [url=https://store.steampowered.com/app/2722710/Starfield_Creation_Kit/]the Starfield creation kit[/url] can help you with. If you're going to play Starfield then I highly suggest that you also pick up the editor. Heck... if you're stuck in a mission... you [i]could[/i] consider to check it out in the editor to see what you might be missing. 

[h1]In conclusion...[/h1]
Look, if you were expecting a whole new game with lots of different new mechanics and such.. maybe even secretly hoping for an actual spacesim (?) then sorry to say but you may end up disappointed. But if you can enjoy the idea of being able to travel through space and visit all sorts of strange planets and explore weird locations, meet new NPC's and such then you might be in for a treat.

The world is pretty big, and there's [u]a lot[/u] of stuff to discover & do, plenty to keep you busy for dozens of hours to come. The voice acting is very well done I think and although some characters look a bit weird... look, didn't we say the exact same thing for those in Tamriel?  Here I was thinking that elves would be the most beautiful beings in the world, not some bizarre looking hags.

Yes, there are loading screens and yes: your spaceship only gets used when you're actually out in space (so: in orbit), as soon as you're on a planet it basically becomes your (static) base of operations. Extra storage space to take with you wherever you go! ;)

But the vibes of old are all here...  exploring a planet, using your scanner and seeing ""unknown"" somewhere in the distance?  Let's go check it out!  Oh wait, there's another one!  Being able to find new loot, upgrade and customize your stuff, meet up with new friends (and enemies) ...

Each to their own, but I'm having a great time with this game, and can definitely recommend it because of that.
 What a waste.",1.0,"Starfield is the first new universe in 25 years from Bethesda Game Studios, the award-winning creators of The Elder Scrolls V: Skyrim and Fallout 4.",game
1313860,"Simulation, Sports",False,EA SPORTS‚Ñ¢ FIFA 21,"8 Oct, 2020","GOOD EA: wanna buy older fifa with lower price? Fuc. you, cant buy older games. EA wants only your wallet. Fuc. EA !!!",1.0,"Football is back with EA SPORTS‚Ñ¢ FIFA 21, featuring more ways to team up on the street or in the stadium to enjoy even bigger victories with friends.",game
704850,"Action, Adventure, Indie, Simulation",False,Thief Simulator,"9 Nov, 2018",crashes like crazy. havent even played for an hour and its crashed and freezed about 10-15 times on hardware that runs well (over 120fps). Better story than Twillight.,0.0,"Become the best thief. Gather intel, steal things and sell them to buy hi-tech equipment. Do everything that a real thief does.",game
1929610,"Action, Adventure, Indie",False,Demonologist,"25 Sep, 2023",This is  a great for people  who want  a more visually appealing Phasmophobia. I really enjoy Phasmophobia and wanted to give this game a try. The exorcisms when you complete all objectives are really cool too! So fun.,1.0,"Demonologist is a Co-Op horror game that can be played with at least 1 and up to 4 players. Your goal is to identify the type of evil spirit in cursed places and exorcise it using your equipment, either alone or with your team.",game
509980,"Action, Adventure, Indie, Early Access",False,BIGFOOT,"31 Jan, 2017","Friend pelted a stop sign at my cranium 

10/10 its guuuddddddd",0.0,You are a Bigfoot hunter with an important mission: to put an end to rumours once and for all and prove to yourself that Bigfoot is not just a myth or an invention of the mind...,game
63380,Action,False,Sniper Elite V2,,"OG xray sniping, easy play",0.0,"In the dark days of the end of World War Two amidst the ruins of Berlin, one bullet can change history‚Ä¶",game
289070,Strategy,False,Sid Meier‚Äôs Civilization¬Æ VI,"20 Oct, 2016","probably played 9834759834759348 games

probably finished 2 Sometimes, you play a nice game with your boyfriend.  And then your alliance ends and he destroys you with nukes.  And then you throw everything off his desk and never play with him again.  Highly recommend!",0.0,"Expand your empire, advance your culture and go head-to-head against history‚Äôs greatest leaders. Will your civilization stand the test of time?",game
8980,"Action, RPG",False,Borderlands Game of the Year,"31 Aug, 2023","This is a great co-op shooter for a group, with a wide variety of enemies, abilities, and weapon types. To level up your character, you need to collect everything you can get your hands on, which is also a plus. Unfortunately, the game has a very weak storyline and a lot of bugs. For example, I didn't see the weapon my teammate gave me. But the biggest drawback is that only one weapon drops from chests or bosses, and only one player on the team can take it, which is unfortunately very annoying.

My rating: ‚ú≠‚ú≠‚ú≠‚ú≠‚ú∞ Cool",1.0,"Get ready for the mind blowing insanity! Play as one of four trigger-happy mercenaries and take out everything that stands in your way! With its addictive action, frantic first-person shooter combat, massive arsenal of weaponry, RPG elements and four-player co-op, Borderlands is a breakthrough experience that challenges all the...",game
1304930,"Action, Adventure, Indie",False,The Outlast Trials,"5 Mar, 2024",only regret is not getting this game earlier. Very fun with friends IA vtmnc,1.0,"Red Barrels invites you to experience mind-numbing terror, this time with friends. Whether you go through the trials alone or in teams, if you survive long enough and complete the therapy, Murkoff will happily let you leave‚Ä¶ but will you be the same?",game
221100,"Action, Adventure, Massively Multiplayer",False,DayZ,"13 Dec, 2018",Best game with the best devs bad game. but fun,0.5,"How long can you survive a post-apocalyptic world? A land overrun with an infected &quot;zombie&quot; population, where you compete with other survivors for limited resources. Will you team up with strangers and stay strong together? Or play as a lone wolf to avoid betrayal? This is DayZ ‚Äì this is your story.",game
1491000,"Action, Simulation, Free To Play",True,War Robots: Frontiers,"4 Mar, 2025","good game with horrible advertising very fun
nicely paced
somewhat grindy",1.0,"Gear up for tactical mech action in War Robots: Frontiers, a free-to-play multiplayer mech shooter. Construct and customize, squad up with Pilots online, and fire up your engines in massive intergalactic battles.",game
218620,"Action, RPG",False,PAYDAY 2,"13 Aug, 2013","Dopamine check Came for the soundtrack, stayed for the surprisingly fun gameplay.

Kinda BS how so much was licensed content though",1.0,"PAYDAY 2 is an action-packed, four-player co-op shooter that once again lets gamers don the masks of the original PAYDAY crew - Dallas, Hoxton, Wolf and Chains - as they descend on Washington DC for an epic crime spree.",game
285800,"Adventure, Casual, Indie, RPG, Strategy",False,Braveland,"17 Mar, 2014",Did I get this for free? Quick combat-only heroes-style game. Pretty soft recommend but they regularly go on sale for about a dollar each.,0.0,Braveland is a turn-based game inspired by old-school strategies with hexagonal battlefield. You will start as a humble warrior's son whose village was cruelly raided and will end as talented commander of your army.,game
470220,Casual,False,UNO,"3 Jan, 2017",YOU HAVE UNO IT CAME FREE WITH YOUR FUCKING XBOX i love this game so much i would buy it for all my friends,1.0,"UNO‚Ñ¢ is the iconic card game reimagined with a large variety of gameplay and customization options. Play solo or with friends, personalize your experience from rules to cosmetics, and try the Happy Hour!",game
554620,"Action, Adventure",False,Life is Strange: Before the Storm,"31 Aug, 2017","Before the Storm may not be as strong as the original Life Is Strange in terms of gameplay or plot twists, but emotionally, it still works.

This prequel focuses less on choices and more on understanding Chloe's anger, her loneliness, and the way she clings to people when she‚Äôs afraid of losing them.

The three episodes felt short (plus episode Farewell if you buy DLC), but meaningful and yet still worked on me.

If the first Life Is Strange is about dealing with consequences, Before the Storm is about the pain that comes before them. Nobody ever reads my reviews, but i just wanna give this a thumbs up.",0.0,"Life is Strange: Before the Storm is a new three part standalone story adventure set three years before the events of the first game. This time play as Chloe Price, a rebel who forms an unlikely friendship with Rachel Amber in a dramatic new story in the BAFTA award winning franchise.",game
346110,"Action, Adventure, Indie, Massively Multiplayer, RPG",False,ARK: Survival Evolved,"Aug 27, 2017","Ark survival evolved really pulled me into the survival genre alot, and the fact they put super advanced technologie with dinosaurs is great but whats not really going great is snail games and how they put quantity over quality and them getting greeedy but its still one of my favorite games. Every dollar I spent on this game and it's DLC's was a waste. If I got to keep the game the way it was, and not get scammed out of a free update, I might have something nice to say about the great memories and interesting people i had met playing this game....but greed ruined it all",1.0,"Stranded on the shores of a mysterious island, you must learn to survive. Use your cunning to kill or tame the primeval creatures roaming the land, and encounter other players to survive, dominate... and escape!",game
337000,"Action, RPG",False,Deus Ex: Mankind Divided,"23 Aug, 2016","This review will probably be my indulgence, as I didn't get the Tablet Collector achievement, and because of this, I tried to fix it with the Debug Menu for Deus Ex: Mankind Divided, but I accidentally knocked out all the achievements I didn't have yet. I clicked the wrong button, and I don't know if the ""achievement hunter"" gods will forgive me. At least I completed Breach with flying colors, and the rest of the Deus Ex games did too. It was frustrating that the controller scheme doesn't work properly. Can't zoom on one scheme, can't get any response from R3 on the others, etc. But I kept it and worked around it. Played 20 hours and was having enough fun that navigating the ""world"" and poor shop menuing issues were trivial. Then right around  20 hours, it stopped saving. So at the 21 hour mark when I died, I lost a lot of sidequest and story prog. No point continuing to play if it isn't going to save. Probably won't get a refund. Should of just returned it when I saw the controller issues. Oh well.",0.3333333333333333,"You play as Adam Jensen, an experienced covert operative operating in a world that despises his kind: augmented humans. Choose from an arsenal of state-of-the-art weapons and augmentations to build your playstyle, and decide who you'll trust, to unravel a vast worldwide conspiracy.",game
518790,"Adventure, Simulation, Sports",False,theHunter: Call of the Wild‚Ñ¢,"16 Feb, 2017","fun WONDERFUL,",1.0,"Discover an atmospheric hunting game like no other in this realistic, stunning open world ‚Äì regularly updated in collaboration with the community. Immerse yourself in the single player campaign, or share the ultimate hunting experience with friends.",game
346010,"Indie, Simulation",False,Besiege,"18 Feb, 2020","absolutely peak game. if you're a battlebots fan, there's a lot for you here. you can play with up to like 8 people so it's super fun for parties (somehow) Ëøô‰∏™Ê∏∏ÊàèÊúÄÊ†∏ÂøÉÁöÑÂú∞ÊñπÂ∞±ÊòØÂà∂ÂÆö‰∫ÜÂª∫ÈÄ†ÁöÑËßÑÂàôÔºåÁÑ∂ÂêéÊääÂÜÖÂÆπ‰∫§ÁªôÁé©ÂÆ∂Ëá™Â∑±ÔºåÂàõÈÄ†Êó†ÈôêÂèØËÉΩ„ÄÇÊàëÊúÄÁà±Âú®ÂàõÊÑèÂ∑•Âùä‰∏ãËΩΩÂêÑÁßçÂ§ß‰Ω¨ÁöÑ‰ΩúÂìÅÁÑ∂ÂêéËøõË°åÁ†îÁ©∂ÂíåËá™‰∏ªÂåñÊîπÈÄ†‰∫ÜÔºåÂæàÈÄÇÂêàÊ∂àÁ£®Êó∂ÂÖâÔºå‰πüÂæàÈÄÇÂêàÂñúÊ¨¢Êú∫Ê¢∞ÂíåÂàõÈÄ†ÁöÑÁé©ÂÆ∂„ÄÇ",1.0,"Besiege is a physics building game about constructing mechanical machines to annihilate armies, obliterate castles and overcome challenging obstacles. Conquer the campaign or skirmish with friends in Multiplayer!",game
638070,"Action, Indie, Simulation, Strategy",False,Murderous Pursuits,"26 Apr, 2018",it's good but like nobody plays it it's old the game is good but the screen is not full and most of time play with AI not easy to join with rea; players,1.0,"Murderous Pursuits is a kill-or-be-killed Victorian stealth-em-up for 1-8 players in which you must hunt and kill your quarry before your hunters do the same to you, all while avoiding witnesses.",game
228380,"Action, Indie, Racing, Simulation, Sports",False,Wreckfest,"14 Jun, 2018","good game espacially if u like chaos and its really fun most of the time not much bugs
 nascar go brrr",1.0,"Wreckfest is a demolition derby themed racing game with soft-body damage modeling, sophisticated driving dynamics and in-depth vehicle upgrading, featuring both demolition derbies and more traditional track races. It‚Äôs all about fun, breakneck racing and over-the-top crashes.",game
629520,"Audio Production, Utilities",False,Soundpad,"30 Sep, 2017",i rate it bro I mainly just fuck around blasting songs with this device and being a nuisance but I've engaging in my tomfoolery.,0.0,"Play sounds in voice chats in high digital quality. Add sounds or music to your microphone signal so others will hear it, too.",game
222880,"Action, Indie, Strategy",False,Insurgency,"22 Jan, 2014","incridble gunplay  10 out of 10... 8 out of 10 movement.great graphics for its time...
 just and just i wish it had more players. Um dos melhores FPS's que j√° joguei",1.0,"Take to the streets for intense close quarters combat, where a team's survival depends upon securing crucial strongholds and destroying enemy supply in this multiplayer and cooperative Source Engine based experience.",game
223750,"Simulation, Free To Play",True,DCS World Steam Edition,"2 Aug, 2013","goated game It's a really cool sim, but after so long I have to accept that it just isn't a good game. The recent spats between Eagle Dynamics and model developers is pretty concerning too.",1.0,Feel the excitement of flying the Su-25T &quot;Frogfoot&quot; attack jet and the TF-51D &quot;Mustang&quot; in the free-to-play Digital Combat Simulator World!,game
211820,"Action, Adventure, Casual, Indie, RPG",False,Starbound,"22 Jul, 2016","Is just not a fun game, the combat is super slow and bareboned, and even though the story might be good, all the elements around the gameplay to progress it, make it harsh to get into. This game is one of my favorites oat. I love exploring and I love anything to do with space! You can play the game chill or you can take more a more dangerous approach. There is a lot to explore and the storyline is genuinely interesting.",1.0,"You‚Äôve fled your home, only to find yourself lost in space with a damaged ship. Your only option is to beam down to the planet below, repair your ship and set off to explore the universe...",game
55150,Action,False,"Warhammer 40,000: Space Marine - Anniversary Edition","5 Sep, 2011","Good Good game, a bit repetitive with the combat, but still fun! Enjoyed the story",1.0,"In Warhammer 40,000 Space Marine you are Captain Titus, a Space Marine of the Ultramarines chapter and a seasoned veteran of countless battles.",game
8500,"Action, Massively Multiplayer, RPG, Strategy, Free To Play",True,EVE Online,"15 Dec, 2010","they just feed new players to long time players...and YOU pay for it

its quite literally their entire business model. They even know and laugh about it in fact...

pretend otherwise. Then play and see for yourself. 
They will even fabricate a killright on you out of thin air (I experienced this and they did absolutely NOTHING to fix it) best game ever",1.0,"Over 20 years of legendary space battles! Explore a massive living universe of danger and opportunity in a challenging and highly rewarding space adventure. Fight, trade, build, and connect with a universe driven and shaped directly by players.",game
487220,"Casual, Indie",False,Freebie,"16 Jun, 2016","This game sucks donkey baawls [h2]Freebie[/h2]

Has a total of [b]7[/b] trading cards.
",0.0,Freebie is a casual game where you launch a ball against a paddle and hit a green surface. Be careful not to hit the red surfaces or you'll lose a life!,game
3910,Strategy,False,Sid Meier's Civilization¬Æ III Complete,"25 Oct, 2006",still to this day the best of all the civ's Civ 3 Complete was the last of the old style Civ.  It is just a game that I really enjoyed playing...,1.0,"Sid Meier's Civilization III: Complete, the latest offering in the Sid Meier's Civilization III franchise, provides gaming fans with Sid Meier's Civilization III, the highly-addictive journey of discovery.",game
1063730,"Action, Adventure, Massively Multiplayer, RPG",False,New World: Aeternum,"28 Sep, 2021",Just shut it down. never played this game lol,0.0,Experience a thrilling action RPG set on the supernatural island of Aeternum. Forge your destiny on an adventure filled with danger and opportunity.,game
228200,"Action, Strategy",False,Company of Heroes,"11 Sep, 2006",You can shoot the medics Great WWII RTS,1.0,"Delivering a visceral WWII gaming experience, Company of Heroes redefines RTS by bringing the sacrifice of heroic soldiers, war-ravaged environments, and dynamic battlefields to life. Please visit the &quot;Company of Heroes - Legacy Edition&quot; page for additional user reviews.",game
594570,"Action, Strategy",False,Total War: WARHAMMER II,"28 Sep, 2017","Total War: Warhammer II is more than just ‚Äúanother chapter‚Äù. It feels more polished, better tuned, and deeper overall.

And yes, you can finally respec skill points if you made a mistake ‚Äî which is a huge plus. really fun game to play, the only annoying part is the fac that you have to buy older titles and a bunch of dlc to balance the game but in general quite addictive and fun if you want to search for a game that you will invest hundreds of hours to master",1.0,"Strategy gaming perfected. A breath-taking campaign of exploration, expansion and conquest across a fantasy world. Turn-based civilisation management and real-time epic strategy battles with thousands of troops and monsters at your command.",game
621060,"Indie, Simulation",False,PC Building Simulator,"29 Jan, 2019","Don't have $300+ dollars for RAM for that new build you had planned to buy parts for on Black Friday? Here's the next best thing! While the hardware included in this game shows it's age, it's actually a pretty decent practice tool for beginner builders like myself utilizing the Free Build mode. Gets you into the practice of installing parts in the proper order, and not forgetting that thermal paste. Interesting soundtrack... Very fun game I guess, However the RAM crisis isn't modeled yet",1.0,"Build and grow your very own computer repair enterprise as you learn to diagnose, fix and build PCs. With real-world licensed components and comprehensive hardware and software simulation, you can plan and bring your ultimate PC to life.",game
219740,"Adventure, Indie, Simulation",False,Don't Starve,"23 Apr, 2013",Just don't starve. good vibes,1.0,"Don‚Äôt Starve is an uncompromising wilderness survival game full of science and magic. Enter a strange and unexplored world full of strange creatures, dangers, and surprises. Gather resources to craft items and structures that match your survival style.",game
427520,"Casual, Indie, Simulation, Strategy",False,Factorio,"14 Aug, 2020","The gold standard for factory games.

Most of the challenge is in the 2D nature of the game. Other than short underground connections, you can't layer your logistics design. As more items join the production chain your base can quickly turn into spaghetti with conveyers everywhere.

What's most amazing is that when you win the game after 40 hours you'll feel compelled to play again and try to build a cleaner designed base. There's also plenty of challenging achievements for long time players.

If you're new to factory games, consider this a solid recommendation to start here. worth the pricetag. but it's a fairly steep learning curve so don't expect to hop in and find it easy. 
Though if you do like a game which requires a bit more thinking than clicking it's very rewarding",0.0,"Factorio is a game about building and creating automated factories to produce items of increasing complexity, within an infinite 2D world. Use your imagination to design your factory, combine simple elements into ingenious structures, and finally protect it from the creatures who don't really like you.",game
206420,"Action, Adventure",False,Saints Row IV: Re-Elected,"22 Aug, 2013",Its very good game peak game. 10/10 worth coming back for the 3$ sale,1.0,"Experience the insane antics of Saints Row IV. The Saints have gone from the Penthouse to the White House - but Earth has been invaded and it‚Äôs up to you to save it with an arsenal of superpowers and strange weapons, in the wildest open world game ever.",game
17480,"Action, Strategy",False,Command & Conquer‚Ñ¢ Red Alert‚Ñ¢ 3,"8 Jan, 2009",Natasha can hop in Bullfrog while in water. what did you do to this classic? fight this battle with no troops or income? planes won't even land on pads? givng useless troops that can't fight the enemy? was this in the orignal?,0.0,The desperate leadership of a doomed Soviet Union travels back in time to change history and restore the glory of Mother Russia.,game
1241100,"Action, Indie, Massively Multiplayer, Free To Play, Early Access",True,POLYGON,"6 Mar, 2020","Until the spawn killing is fixed the game is no fun to play. I will come back now and then to see what progress has been made. So far everything else is solid at this point in development. Hacks. Hacks in 1/3 matches. The game is quite fun, just hacking is out of control. Ban one of these hacking kids and they'll just re-download the game on a new account and hack again.",1.0,"POLYGON is a tactical multiplayer team 1st person shooter. Using various weapons, you will battle with up to 32 players on large-scale maps. Properly managing your arsenal and skills, you will lead your team to victory!",game
99900,"Action, Adventure, Casual, Indie, Massively Multiplayer, RPG, Free To Play",True,Spiral Knights,"14 Jun, 2011",this game is better than everything else ................,0.0,"Join the ranks of the Spiral Knights. Stranded on an alien world, you must explore the ever-changing Clockworks beneath its surface.",game
3241660,"Action, Early Access",False,R.E.P.O.,"26 Feb, 2025","TAXMAN:
üëçüëÅüëÑüëÅüëç game is very good",1.0,"An online co-op horror game with up to 6 players. Locate valuable, fully physics-based objects and handle them with care as you retrieve and extract to satisfy your creator's desires.",game
2567870,"Adventure, Casual, Indie, Simulation",False,Chained Together,"19 Jun, 2024","To my utter shock, when I opened this game, me and my friends were chained together? 

Fun game for a group except for when you all fall off because SOMEONE didn't jump at the right time
 7/10

Very challenging and at times frustrating. But that's all part of the fun and adventure. Had a really good time playing this with friends.",1.0,"From the depths of hell, climb chained to your friends through diverse worlds. Solo or co-op, try to reach the summit and discover what awaits you there...",game
17080,"Action, Free To Play",False,Tribes: Ascend,"27 Jun, 2012","I remember using the separate launcher away from Steam, and logging in so many hours into this game. It's a shell of its former self now, however, with the removal of classes, removed base upgrades, the credit equips, bizarre weapon rebalancing, and now the inability to make a new account. Despite the last bouts of updates, Hi-Rez seems to have already abandoned this game a while back to focus on their more recents projects like Smite and Paladins. One can only hope that either a new Tribes game or the upcoming title Midair can recapture that wonderful, extremely fast-paced action I experienced several years ago. Good game.
Shame its dead.
Few players.
Sometimes.",1.0,This edition packages weapon DLC from ten previous expansions as well new featured content.,game
